date;item_id;prediction
2024-01-01;100045;1.5089426
2024-01-01;100046;1.7228488
2024-01-01;100050;1.5366874
2024-01-01;100126;1.3836879
2024-01-01;100139;1.1712625
2024-01-01;100140;1.1338273
2024-01-01;100165;30.635305
2024-01-01;100184;2.7165582
2024-01-01;100192;1.7514266
2024-01-01;100193;1.7157663
2024-01-01;100225;1.6557018
2024-01-01;100227;1.6483229
2024-01-01;100228;1.6333848
2024-01-01;100245;8.039851
2024-01-01;100257;3.0558546
2024-01-01;100259;3.3158753
2024-01-01;100348;0.4415949
2024-01-01;100354;2.7440097
2024-01-01;100370;0.4331492
2024-01-01;100375;-0.499884
2024-01-01;100386;2.050502
2024-01-01;100390;1.326943
2024-01-01;100394;1.326943
2024-01-01;100399;1.6746091
2024-01-01;100417;0.94115365
2024-01-01;100448;2.0677981
2024-01-01;100450;1.2448982
2024-01-01;100453;1.9684849
2024-01-01;100454;3.9725173
2024-01-01;100455;3.2115712
2024-01-01;100462;1.078931
2024-01-01;100469;18.782644
2024-01-01;100470;2.7108908
2024-01-01;100471;2.5179214
2024-01-01;100473;1.6261365
2024-01-01;100474;1.8515671
2024-01-01;100486;4.2790313
2024-01-01;100487;4.8086057
2024-01-01;100516;3.8826756
2024-01-01;100517;1.9464899
2024-01-01;100523;2.6327825
2024-01-01;100524;2.233738
2024-01-01;100525;1.4174544
2024-01-01;100526;1.6859953
2024-01-01;100528;2.240358
2024-01-01;100530;0.65116066
2024-01-01;100544;1.5575876
2024-01-01;100545;0.6950728
2024-01-01;100547;1.3088883
2024-01-01;100551;2.6078193
2024-01-01;100553;2.1534297
2024-01-01;100554;1.5714095
2024-01-01;100556;1.7953725
2024-01-01;100558;1.4588724
2024-01-01;100596;4.8277183
2024-01-01;100601;5.4414663
2024-01-01;100602;5.598256
2024-01-01;100604;5.629202
2024-01-01;100607;4.324933
2024-01-01;100611;10.930561
2024-01-01;100612;5.766801
2024-01-01;100613;3.3153627
2024-01-01;100614;4.9677157
2024-01-01;100621;3.3466325
2024-01-01;100638;8.386601
2024-01-01;100639;3.5015984
2024-01-01;100644;1.9020572
2024-01-01;100645;6.854789
2024-01-01;100646;2.3377602
2024-01-01;100648;1.679341
2024-01-01;100650;4.192366
2024-01-01;100651;0.6859602
2024-01-01;100656;1.8942364
2024-01-01;100657;0.9023844
2024-01-01;100662;0.9704162
2024-01-01;100663;1.059437
2024-01-01;100664;0.7553848
2024-01-01;100665;0.8449504
2024-01-01;100668;1.6594256
2024-01-01;100683;1.3668361
2024-01-01;100686;1.7320412
2024-01-01;100691;2.3120096
2024-01-02;100045;1.3243136
2024-01-02;100046;1.7051445
2024-01-02;100050;1.8985069
2024-01-02;100126;1.7930697
2024-01-02;100139;1.216041
2024-01-02;100140;1.1811509
2024-01-02;100165;28.225437
2024-01-02;100184;4.260782
2024-01-02;100192;1.8476979
2024-01-02;100193;1.772523
2024-01-02;100225;1.6435225
2024-01-02;100227;1.6361439
2024-01-02;100228;1.480555
2024-01-02;100245;7.812393
2024-01-02;100257;2.8204956
2024-01-02;100259;3.0372148
2024-01-02;100348;0.46836883
2024-01-02;100354;2.7905648
2024-01-02;100370;0.5128358
2024-01-02;100375;-0.4434279
2024-01-02;100386;2.10185
2024-01-02;100390;1.370242
2024-01-02;100394;1.370242
2024-01-02;100399;1.7366676
2024-01-02;100417;1.4031627
2024-01-02;100448;2.2779667
2024-01-02;100450;1.3256687
2024-01-02;100453;2.0499206
2024-01-02;100454;3.744727
2024-01-02;100455;2.748203
2024-01-02;100462;1.0875132
2024-01-02;100469;19.061148
2024-01-02;100470;2.8252413
2024-01-02;100471;2.6728704
2024-01-02;100473;1.6910232
2024-01-02;100474;1.8910629
2024-01-02;100486;4.500355
2024-01-02;100487;4.743803
2024-01-02;100516;4.390774
2024-01-02;100517;2.0239236
2024-01-02;100523;2.7597296
2024-01-02;100524;2.306762
2024-01-02;100525;1.463254
2024-01-02;100526;1.7370969
2024-01-02;100528;2.3352635
2024-01-02;100530;1.4971658
2024-01-02;100544;1.6666863
2024-01-02;100545;0.8332371
2024-01-02;100547;1.4011167
2024-01-02;100551;2.8690448
2024-01-02;100553;2.2909887
2024-01-02;100554;1.3792281
2024-01-02;100556;1.8468114
2024-01-02;100558;1.5104852
2024-01-02;100596;4.4156504
2024-01-02;100601;5.323482
2024-01-02;100602;5.5091133
2024-01-02;100604;5.5866413
2024-01-02;100607;4.3511605
2024-01-02;100611;8.899722
2024-01-02;100612;4.431379
2024-01-02;100613;3.2205
2024-01-02;100614;3.6933892
2024-01-02;100621;2.7541583
2024-01-02;100638;8.606865
2024-01-02;100639;3.636582
2024-01-02;100644;2.3541868
2024-01-02;100645;6.4855676
2024-01-02;100646;2.589054
2024-01-02;100648;1.9100919
2024-01-02;100650;4.702137
2024-01-02;100651;1.0179179
2024-01-02;100656;1.6908406
2024-01-02;100657;0.4388327
2024-01-02;100662;1.134594
2024-01-02;100663;1.1687442
2024-01-02;100664;0.9165736
2024-01-02;100665;1.063866
2024-01-02;100668;1.8126915
2024-01-02;100683;1.5623875
2024-01-02;100686;2.061324
2024-01-02;100691;2.521476
2024-01-03;100045;1.3387709
2024-01-03;100046;1.5870166
2024-01-03;100050;1.7760874
2024-01-03;100126;1.378839
2024-01-03;100139;1.2105172
2024-01-03;100140;1.1830288
2024-01-03;100165;28.08313
2024-01-03;100184;3.575696
2024-01-03;100192;1.7481232
2024-01-03;100193;1.6961768
2024-01-03;100225;1.5371994
2024-01-03;100227;1.5298206
2024-01-03;100228;1.501645
2024-01-03;100245;8.011662
2024-01-03;100257;2.9544265
2024-01-03;100259;3.2051063
2024-01-03;100348;0.19421315
2024-01-03;100354;2.7072372
2024-01-03;100370;0.34001803
2024-01-03;100375;-0.06458777
2024-01-03;100386;2.0816529
2024-01-03;100390;1.3498603
2024-01-03;100394;1.3498603
2024-01-03;100399;1.5922699
2024-01-03;100417;1.5327959
2024-01-03;100448;2.167347
2024-01-03;100450;1.5915477
2024-01-03;100453;1.9238425
2024-01-03;100454;3.7655044
2024-01-03;100455;2.5821657
2024-01-03;100462;1.1234139
2024-01-03;100469;18.287897
2024-01-03;100470;2.781263
2024-01-03;100471;2.9562452
2024-01-03;100473;1.6783673
2024-01-03;100474;1.8784068
2024-01-03;100486;4.816111
2024-01-03;100487;4.452741
2024-01-03;100516;4.2591615
2024-01-03;100517;1.9285243
2024-01-03;100523;2.6913753
2024-01-03;100524;2.2384074
2024-01-03;100525;1.2969099
2024-01-03;100526;1.6687422
2024-01-03;100528;2.2964342
2024-01-03;100530;1.3001207
2024-01-03;100544;1.4590802
2024-01-03;100545;1.293503
2024-01-03;100547;1.2822709
2024-01-03;100551;2.7231698
2024-01-03;100553;2.1125638
2024-01-03;100554;1.2815185
2024-01-03;100556;1.7072985
2024-01-03;100558;1.3836603
2024-01-03;100596;4.24517
2024-01-03;100601;5.3163986
2024-01-03;100602;5.50203
2024-01-03;100604;5.579558
2024-01-03;100607;4.305632
2024-01-03;100611;8.8661175
2024-01-03;100612;4.4506955
2024-01-03;100613;3.0038872
2024-01-03;100614;3.8609128
2024-01-03;100621;2.7221556
2024-01-03;100638;8.411647
2024-01-03;100639;3.602956
2024-01-03;100644;2.805878
2024-01-03;100645;6.546239
2024-01-03;100646;2.8634121
2024-01-03;100648;3.5402477
2024-01-03;100650;6.997553
2024-01-03;100651;1.0552136
2024-01-03;100656;1.6806829
2024-01-03;100657;1.229132
2024-01-03;100662;1.0290339
2024-01-03;100663;1.1547811
2024-01-03;100664;0.87510824
2024-01-03;100665;0.96116036
2024-01-03;100668;1.5976543
2024-01-03;100683;1.3779811
2024-01-03;100686;2.1022215
2024-01-03;100691;2.2811086
2024-01-04;100045;1.2996159
2024-01-04;100046;1.1284626
2024-01-04;100050;1.8745118
2024-01-04;100126;1.1456133
2024-01-04;100139;1.3080512
2024-01-04;100140;1.2538579
2024-01-04;100165;31.535686
2024-01-04;100184;4.243005
2024-01-04;100192;1.9756756
2024-01-04;100193;1.7604609
2024-01-04;100225;1.5088681
2024-01-04;100227;1.5014893
2024-01-04;100228;1.6641915
2024-01-04;100245;8.548463
2024-01-04;100257;2.9819567
2024-01-04;100259;2.7620192
2024-01-04;100348;0.30658546
2024-01-04;100354;3.9240837
2024-01-04;100370;1.8060138
2024-01-04;100375;-0.44714338
2024-01-04;100386;1.7575414
2024-01-04;100390;1.1142669
2024-01-04;100394;1.1142669
2024-01-04;100399;1.0185221
2024-01-04;100417;1.8904395
2024-01-04;100448;1.6903092
2024-01-04;100450;1.7504289
2024-01-04;100453;2.0049942
2024-01-04;100454;3.4437628
2024-01-04;100455;2.6615922
2024-01-04;100462;1.5571946
2024-01-04;100469;20.922073
2024-01-04;100470;3.3940227
2024-01-04;100471;3.5690057
2024-01-04;100473;2.2406673
2024-01-04;100474;2.351212
2024-01-04;100486;5.2277455
2024-01-04;100487;5.3615384
2024-01-04;100516;7.10908
2024-01-04;100517;1.7717903
2024-01-04;100523;3.088825
2024-01-04;100524;2.6080492
2024-01-04;100525;1.4571003
2024-01-04;100526;1.828933
2024-01-04;100528;2.456626
2024-01-04;100530;1.0036569
2024-01-04;100544;1.818367
2024-01-04;100545;2.2281497
2024-01-04;100547;1.4964589
2024-01-04;100551;3.163589
2024-01-04;100553;2.6652205
2024-01-04;100554;1.0205536
2024-01-04;100556;1.586409
2024-01-04;100558;1.509374
2024-01-04;100596;4.6695943
2024-01-04;100601;5.5782413
2024-01-04;100602;5.901194
2024-01-04;100604;5.8900414
2024-01-04;100607;4.322403
2024-01-04;100611;10.06243
2024-01-04;100612;4.5273175
2024-01-04;100613;2.6055868
2024-01-04;100614;4.1003876
2024-01-04;100621;2.649712
2024-01-04;100638;8.482461
2024-01-04;100639;3.7261326
2024-01-04;100644;2.6517317
2024-01-04;100645;6.766426
2024-01-04;100646;2.8736694
2024-01-04;100648;2.935919
2024-01-04;100650;7.540946
2024-01-04;100651;1.0311258
2024-01-04;100656;1.8076155
2024-01-04;100657;1.1388342
2024-01-04;100662;0.9558778
2024-01-04;100663;1.1935697
2024-01-04;100664;0.9138954
2024-01-04;100665;0.6658927
2024-01-04;100668;1.1021885
2024-01-04;100683;1.0363237
2024-01-04;100686;2.1603813
2024-01-04;100691;2.1232686
2024-01-05;100045;1.4695296
2024-01-05;100046;1.5628319
2024-01-05;100050;1.8202654
2024-01-05;100126;1.6250482
2024-01-05;100139;1.3735619
2024-01-05;100140;1.4572486
2024-01-05;100165;36.362804
2024-01-05;100184;5.163288
2024-01-05;100192;2.3129675
2024-01-05;100193;2.2446527
2024-01-05;100225;1.5234945
2024-01-05;100227;1.5991321
2024-01-05;100228;1.7311978
2024-01-05;100245;10.483006
2024-01-05;100257;3.7317903
2024-01-05;100259;3.5873816
2024-01-05;100348;0.629781
2024-01-05;100354;4.2330675
2024-01-05;100370;3.026432
2024-01-05;100375;0.09142312
2024-01-05;100386;2.328937
2024-01-05;100390;1.128026
2024-01-05;100394;1.128026
2024-01-05;100399;0.78285766
2024-01-05;100417;1.5307866
2024-01-05;100448;1.4948331
2024-01-05;100450;1.9199752
2024-01-05;100453;2.2030957
2024-01-05;100454;4.189295
2024-01-05;100455;2.8598697
2024-01-05;100462;1.8282007
2024-01-05;100469;25.486435
2024-01-05;100470;4.369819
2024-01-05;100471;4.5831923
2024-01-05;100473;3.19124
2024-01-05;100474;3.3738334
2024-01-05;100486;5.92387
2024-01-05;100487;5.1346116
2024-01-05;100516;8.363759
2024-01-05;100517;1.9820678
2024-01-05;100523;5.651694
2024-01-05;100524;4.0188007
2024-01-05;100525;2.7954822
2024-01-05;100526;3.2806387
2024-01-05;100528;4.723094
2024-01-05;100530;1.7830552
2024-01-05;100544;3.2111216
2024-01-05;100545;3.494893
2024-01-05;100547;2.0993114
2024-01-05;100551;4.044312
2024-01-05;100553;3.6209624
2024-01-05;100554;1.6328806
2024-01-05;100556;1.9658424
2024-01-05;100558;2.52624
2024-01-05;100596;6.237684
2024-01-05;100601;7.282539
2024-01-05;100602;7.786623
2024-01-05;100604;8.339899
2024-01-05;100607;6.341552
2024-01-05;100611;12.850769
2024-01-05;100612;5.9327054
2024-01-05;100613;3.2439985
2024-01-05;100614;4.9529624
2024-01-05;100621;3.2087152
2024-01-05;100638;9.119275
2024-01-05;100639;4.6210046
2024-01-05;100644;2.1909888
2024-01-05;100645;7.9799747
2024-01-05;100646;3.2385924
2024-01-05;100648;2.3222754
2024-01-05;100650;7.246497
2024-01-05;100651;1.2450492
2024-01-05;100656;2.1622968
2024-01-05;100657;1.4211043
2024-01-05;100662;0.5970059
2024-01-05;100663;1.3208761
2024-01-05;100664;0.9860607
2024-01-05;100665;0.5039067
2024-01-05;100668;1.2318997
2024-01-05;100683;1.3891871
2024-01-05;100686;1.7170709
2024-01-05;100691;2.4733717
2024-01-06;100045;1.4902724
2024-01-06;100046;1.5930644
2024-01-06;100050;1.8532046
2024-01-06;100126;1.5971148
2024-01-06;100139;1.2527704
2024-01-06;100140;1.625779
2024-01-06;100165;33.61497
2024-01-06;100184;4.6310177
2024-01-06;100192;1.9310361
2024-01-06;100193;2.0474777
2024-01-06;100225;1.236643
2024-01-06;100227;1.3122803
2024-01-06;100228;1.5086904
2024-01-06;100245;10.462534
2024-01-06;100257;3.609311
2024-01-06;100259;3.4410915
2024-01-06;100348;0.27852538
2024-01-06;100354;3.793661
2024-01-06;100370;1.7790487
2024-01-06;100375;-0.15716322
2024-01-06;100386;2.3482502
2024-01-06;100390;1.1428896
2024-01-06;100394;1.1128486
2024-01-06;100399;0.67814
2024-01-06;100417;1.478764
2024-01-06;100448;1.5418302
2024-01-06;100450;1.8839501
2024-01-06;100453;2.026564
2024-01-06;100454;3.932899
2024-01-06;100455;2.6639724
2024-01-06;100462;1.5258267
2024-01-06;100469;22.627588
2024-01-06;100470;4.722008
2024-01-06;100471;3.6080394
2024-01-06;100473;3.104053
2024-01-06;100474;3.2866464
2024-01-06;100486;5.6788893
2024-01-06;100487;5.302683
2024-01-06;100516;8.505324
2024-01-06;100517;2.1111114
2024-01-06;100523;5.804443
2024-01-06;100524;4.1715503
2024-01-06;100525;2.963561
2024-01-06;100526;3.6324337
2024-01-06;100528;4.985448
2024-01-06;100530;1.7698846
2024-01-06;100544;3.320088
2024-01-06;100545;3.60386
2024-01-06;100547;2.2189212
2024-01-06;100551;4.06743
2024-01-06;100553;3.6440794
2024-01-06;100554;1.7524908
2024-01-06;100556;2.0099554
2024-01-06;100558;2.479281
2024-01-06;100596;6.3814607
2024-01-06;100601;7.637706
2024-01-06;100602;8.225897
2024-01-06;100604;8.766183
2024-01-06;100607;6.618578
2024-01-06;100611;13.046792
2024-01-06;100612;5.4581194
2024-01-06;100613;2.8738642
2024-01-06;100614;4.259544
2024-01-06;100621;3.2818007
2024-01-06;100638;9.461402
2024-01-06;100639;4.4172525
2024-01-06;100644;1.7925162
2024-01-06;100645;7.850084
2024-01-06;100646;3.2515538
2024-01-06;100648;1.5289167
2024-01-06;100650;6.824011
2024-01-06;100651;1.0079439
2024-01-06;100656;2.2014182
2024-01-06;100657;1.8794379
2024-01-06;100662;0.44810507
2024-01-06;100663;1.2596493
2024-01-06;100664;0.8739804
2024-01-06;100665;0.48831996
2024-01-06;100668;1.2934618
2024-01-06;100683;1.446369
2024-01-06;100686;1.5519103
2024-01-06;100691;2.5653372
2024-01-07;100045;1.3573195
2024-01-07;100046;1.3623167
2024-01-07;100050;1.5175614
2024-01-07;100126;1.4556568
2024-01-07;100139;1.0353892
2024-01-07;100140;1.259116
2024-01-07;100165;31.99814
2024-01-07;100184;3.9395914
2024-01-07;100192;1.824246
2024-01-07;100193;1.8768128
2024-01-07;100225;1.3552732
2024-01-07;100227;1.450735
2024-01-07;100228;1.9327774
2024-01-07;100245;10.876189
2024-01-07;100257;3.3727627
2024-01-07;100259;3.4781094
2024-01-07;100348;0.2895843
2024-01-07;100354;3.1180346
2024-01-07;100370;0.81861854
2024-01-07;100375;-0.55890405
2024-01-07;100386;1.8461304
2024-01-07;100390;1.3776937
2024-01-07;100394;1.3476527
2024-01-07;100399;0.7908693
2024-01-07;100417;2.0776172
2024-01-07;100448;1.258564
2024-01-07;100450;1.6386628
2024-01-07;100453;1.8721504
2024-01-07;100454;3.629104
2024-01-07;100455;2.5775237
2024-01-07;100462;1.1623443
2024-01-07;100469;22.475914
2024-01-07;100470;4.0480065
2024-01-07;100471;1.8660232
2024-01-07;100473;2.3250277
2024-01-07;100474;2.7220678
2024-01-07;100486;5.6025953
2024-01-07;100487;4.9583087
2024-01-07;100516;5.493921
2024-01-07;100517;1.2937918
2024-01-07;100523;3.4912803
2024-01-07;100524;2.5870976
2024-01-07;100525;1.6698726
2024-01-07;100526;2.3387442
2024-01-07;100528;3.298492
2024-01-07;100530;1.7671161
2024-01-07;100544;1.8013983
2024-01-07;100545;1.6693504
2024-01-07;100547;1.4449962
2024-01-07;100551;3.0714424
2024-01-07;100553;2.5250275
2024-01-07;100554;1.5530701
2024-01-07;100556;1.6433754
2024-01-07;100558;1.8178357
2024-01-07;100596;5.323574
2024-01-07;100601;6.2339787
2024-01-07;100602;6.783617
2024-01-07;100604;7.07662
2024-01-07;100607;4.412166
2024-01-07;100611;11.000913
2024-01-07;100612;3.3442097
2024-01-07;100613;2.2425668
2024-01-07;100614;3.630193
2024-01-07;100621;3.039999
2024-01-07;100638;8.736163
2024-01-07;100639;3.3915105
2024-01-07;100644;1.0054467
2024-01-07;100645;7.581474
2024-01-07;100646;2.2007945
2024-01-07;100648;0.7120161
2024-01-07;100650;5.5524917
2024-01-07;100651;0.46812326
2024-01-07;100656;1.591862
2024-01-07;100657;1.2835282
2024-01-07;100662;0.40256196
2024-01-07;100663;1.0077794
2024-01-07;100664;0.7224533
2024-01-07;100665;0.71772814
2024-01-07;100668;1.2521265
2024-01-07;100683;1.3284942
2024-01-07;100686;1.3238106
2024-01-07;100691;2.5512364
2024-01-08;100045;1.5089426
2024-01-08;100046;1.7228488
2024-01-08;100050;1.5366874
2024-01-08;100126;1.3836879
2024-01-08;100139;1.1712625
2024-01-08;100140;1.1338273
2024-01-08;100165;30.635305
2024-01-08;100184;2.7165582
2024-01-08;100192;1.7514266
2024-01-08;100193;1.7157663
2024-01-08;100225;1.6557018
2024-01-08;100227;1.6483229
2024-01-08;100228;1.6333848
2024-01-08;100245;8.039851
2024-01-08;100257;3.0558546
2024-01-08;100259;3.3158753
2024-01-08;100348;0.4415949
2024-01-08;100354;2.7440097
2024-01-08;100370;0.4331492
2024-01-08;100375;-0.499884
2024-01-08;100386;2.050502
2024-01-08;100390;1.326943
2024-01-08;100394;1.326943
2024-01-08;100399;1.6746091
2024-01-08;100417;0.94115365
2024-01-08;100448;2.0677981
2024-01-08;100450;1.2448982
2024-01-08;100453;1.9684849
2024-01-08;100454;3.9725173
2024-01-08;100455;3.2115712
2024-01-08;100462;1.078931
2024-01-08;100469;18.782644
2024-01-08;100470;2.7108908
2024-01-08;100471;2.5179214
2024-01-08;100473;1.6261365
2024-01-08;100474;1.8515671
2024-01-08;100486;4.2790313
2024-01-08;100487;4.8086057
2024-01-08;100516;3.8826756
2024-01-08;100517;1.9464899
2024-01-08;100523;2.6327825
2024-01-08;100524;2.233738
2024-01-08;100525;1.4174544
2024-01-08;100526;1.6859953
2024-01-08;100528;2.240358
2024-01-08;100530;0.65116066
2024-01-08;100544;1.5575876
2024-01-08;100545;0.6950728
2024-01-08;100547;1.3088883
2024-01-08;100551;2.6078193
2024-01-08;100553;2.1534297
2024-01-08;100554;1.5714095
2024-01-08;100556;1.7953725
2024-01-08;100558;1.4588724
2024-01-08;100596;4.8277183
2024-01-08;100601;5.4414663
2024-01-08;100602;5.598256
2024-01-08;100604;5.629202
2024-01-08;100607;4.324933
2024-01-08;100611;10.930561
2024-01-08;100612;5.766801
2024-01-08;100613;3.3153627
2024-01-08;100614;4.9677157
2024-01-08;100621;3.3466325
2024-01-08;100638;8.386601
2024-01-08;100639;3.5015984
2024-01-08;100644;1.9020572
2024-01-08;100645;6.854789
2024-01-08;100646;2.3377602
2024-01-08;100648;1.679341
2024-01-08;100650;4.192366
2024-01-08;100651;0.6859602
2024-01-08;100656;1.8942364
2024-01-08;100657;0.9023844
2024-01-08;100662;0.9704162
2024-01-08;100663;1.059437
2024-01-08;100664;0.7553848
2024-01-08;100665;0.8449504
2024-01-08;100668;1.6594256
2024-01-08;100683;1.3668361
2024-01-08;100686;1.7320412
2024-01-08;100691;2.3120096
2024-01-09;100045;1.3243136
2024-01-09;100046;1.7051445
2024-01-09;100050;1.8985069
2024-01-09;100126;1.9328974
2024-01-09;100139;1.4406366
2024-01-09;100140;1.2845709
2024-01-09;100165;28.225437
2024-01-09;100184;4.260782
2024-01-09;100192;1.8476979
2024-01-09;100193;1.772523
2024-01-09;100225;1.6435225
2024-01-09;100227;1.6361439
2024-01-09;100228;1.480555
2024-01-09;100245;7.812393
2024-01-09;100257;2.8204956
2024-01-09;100259;3.0372148
2024-01-09;100348;0.46836883
2024-01-09;100354;2.7905648
2024-01-09;100370;0.5128358
2024-01-09;100375;-0.4434279
2024-01-09;100386;2.10185
2024-01-09;100390;1.370242
2024-01-09;100394;1.370242
2024-01-09;100399;1.7366676
2024-01-09;100417;1.4031627
2024-01-09;100448;2.2779667
2024-01-09;100450;1.3256687
2024-01-09;100453;2.0499206
2024-01-09;100454;3.744727
2024-01-09;100455;2.748203
2024-01-09;100462;1.0875132
2024-01-09;100469;19.061148
2024-01-09;100470;10.345656
2024-01-09;100471;12.114364
2024-01-09;100473;1.6910232
2024-01-09;100474;1.8910629
2024-01-09;100486;4.500355
2024-01-09;100487;4.743803
2024-01-09;100516;4.390774
2024-01-09;100517;2.0239236
2024-01-09;100523;2.7597296
2024-01-09;100524;2.306762
2024-01-09;100525;1.463254
2024-01-09;100526;1.7370969
2024-01-09;100528;2.3352635
2024-01-09;100530;1.4971658
2024-01-09;100544;1.6666863
2024-01-09;100545;0.8332371
2024-01-09;100547;1.4011167
2024-01-09;100551;2.8690448
2024-01-09;100553;2.2909887
2024-01-09;100554;1.3792281
2024-01-09;100556;1.8468114
2024-01-09;100558;1.5104852
2024-01-09;100596;4.4156504
2024-01-09;100601;5.323482
2024-01-09;100602;5.5091133
2024-01-09;100604;5.5866413
2024-01-09;100607;4.3511605
2024-01-09;100611;8.899722
2024-01-09;100612;4.431379
2024-01-09;100613;3.2205
2024-01-09;100614;3.6933892
2024-01-09;100621;2.7541583
2024-01-09;100638;8.606865
2024-01-09;100639;3.636582
2024-01-09;100644;5.979802
2024-01-09;100645;6.4855676
2024-01-09;100646;2.589054
2024-01-09;100648;4.6816216
2024-01-09;100650;4.702137
2024-01-09;100651;1.0179179
2024-01-09;100656;1.6908406
2024-01-09;100657;0.4388327
2024-01-09;100662;1.134594
2024-01-09;100663;1.1687442
2024-01-09;100664;0.9165736
2024-01-09;100665;1.063866
2024-01-09;100668;1.8126915
2024-01-09;100683;1.874706
2024-01-09;100686;1.7259433
2024-01-09;100691;2.521476
2024-01-10;100045;1.3387709
2024-01-10;100046;1.5870166
2024-01-10;100050;1.7760874
2024-01-10;100126;1.518666
2024-01-10;100139;1.4351128
2024-01-10;100140;1.2864488
2024-01-10;100165;28.08313
2024-01-10;100184;3.575696
2024-01-10;100192;1.7481232
2024-01-10;100193;1.6961768
2024-01-10;100225;1.5371994
2024-01-10;100227;1.5298206
2024-01-10;100228;1.501645
2024-01-10;100245;8.011662
2024-01-10;100257;2.9544265
2024-01-10;100259;3.2051063
2024-01-10;100348;0.19421315
2024-01-10;100354;2.7072372
2024-01-10;100370;0.34001803
2024-01-10;100375;-0.06458777
2024-01-10;100386;3.0284476
2024-01-10;100390;1.3498603
2024-01-10;100394;1.3498603
2024-01-10;100399;1.5922699
2024-01-10;100417;1.5327959
2024-01-10;100448;2.860062
2024-01-10;100450;1.5915477
2024-01-10;100453;1.9238425
2024-01-10;100454;3.7655044
2024-01-10;100455;2.5821657
2024-01-10;100462;1.1234139
2024-01-10;100469;18.287897
2024-01-10;100470;10.346349
2024-01-10;100471;12.442408
2024-01-10;100473;1.6783673
2024-01-10;100474;1.8784068
2024-01-10;100486;4.816111
2024-01-10;100487;4.452741
2024-01-10;100516;4.2591615
2024-01-10;100517;1.9285243
2024-01-10;100523;2.6913753
2024-01-10;100524;2.2384074
2024-01-10;100525;1.2969099
2024-01-10;100526;1.6687422
2024-01-10;100528;2.2964342
2024-01-10;100530;1.3001207
2024-01-10;100544;1.4590802
2024-01-10;100545;1.293503
2024-01-10;100547;1.2822709
2024-01-10;100551;2.7231698
2024-01-10;100553;2.1125638
2024-01-10;100554;1.2815185
2024-01-10;100556;1.7072985
2024-01-10;100558;1.3836603
2024-01-10;100596;4.24517
2024-01-10;100601;5.3163986
2024-01-10;100602;5.50203
2024-01-10;100604;5.579558
2024-01-10;100607;4.305632
2024-01-10;100611;8.8661175
2024-01-10;100612;4.4506955
2024-01-10;100613;3.0038872
2024-01-10;100614;3.8609128
2024-01-10;100621;2.7221556
2024-01-10;100638;8.411647
2024-01-10;100639;3.602956
2024-01-10;100644;6.8141522
2024-01-10;100645;6.546239
2024-01-10;100646;2.8634121
2024-01-10;100648;6.6944337
2024-01-10;100650;6.997553
2024-01-10;100651;1.0552136
2024-01-10;100656;1.6806829
2024-01-10;100657;1.229132
2024-01-10;100662;1.0290339
2024-01-10;100663;1.1547811
2024-01-10;100664;0.87510824
2024-01-10;100665;0.96116036
2024-01-10;100668;1.5654978
2024-01-10;100683;1.7099249
2024-01-10;100686;1.6580906
2024-01-10;100691;2.2811086
2024-01-11;100045;1.2996159
2024-01-11;100046;1.1284626
2024-01-11;100050;1.8745118
2024-01-11;100126;1.3521038
2024-01-11;100139;1.5575185
2024-01-11;100140;1.3753868
2024-01-11;100165;17.21403
2024-01-11;100184;4.243005
2024-01-11;100192;1.9756756
2024-01-11;100193;1.7604609
2024-01-11;100225;1.5088681
2024-01-11;100227;1.5014893
2024-01-11;100228;1.6641915
2024-01-11;100245;8.548463
2024-01-11;100257;3.1282926
2024-01-11;100259;2.983369
2024-01-11;100348;0.30658546
2024-01-11;100354;1.5535557
2024-01-11;100370;5.275313
2024-01-11;100375;-0.44714338
2024-01-11;100386;3.6401052
2024-01-11;100390;1.0744417
2024-01-11;100394;1.0744417
2024-01-11;100399;1.0185221
2024-01-11;100417;1.8904395
2024-01-11;100448;2.9325845
2024-01-11;100450;1.7504289
2024-01-11;100453;2.0049942
2024-01-11;100454;3.4437628
2024-01-11;100455;2.6615922
2024-01-11;100462;1.5571946
2024-01-11;100469;20.922073
2024-01-11;100470;10.585483
2024-01-11;100471;15.43278
2024-01-11;100473;2.2406673
2024-01-11;100474;2.351212
2024-01-11;100486;5.2277455
2024-01-11;100487;5.3615384
2024-01-11;100516;18.896652
2024-01-11;100517;1.7717903
2024-01-11;100523;3.088825
2024-01-11;100524;2.6080492
2024-01-11;100525;1.4571003
2024-01-11;100526;1.828933
2024-01-11;100528;2.456626
2024-01-11;100530;1.0036569
2024-01-11;100544;3.90899
2024-01-11;100545;5.2904053
2024-01-11;100547;1.4964589
2024-01-11;100551;2.5081213
2024-01-11;100553;2.6652205
2024-01-11;100554;1.0205536
2024-01-11;100556;1.586409
2024-01-11;100558;1.509374
2024-01-11;100596;4.6695943
2024-01-11;100601;5.5782413
2024-01-11;100602;5.901194
2024-01-11;100604;5.8900414
2024-01-11;100607;4.322403
2024-01-11;100611;10.06243
2024-01-11;100612;4.5273175
2024-01-11;100613;2.6055868
2024-01-11;100614;4.1003876
2024-01-11;100621;2.649712
2024-01-11;100638;2.031365
2024-01-11;100639;3.7261326
2024-01-11;100644;4.511376
2024-01-11;100645;2.2323344
2024-01-11;100646;2.8736694
2024-01-11;100648;4.7366843
2024-01-11;100650;3.4407692
2024-01-11;100651;1.0311258
2024-01-11;100656;1.268145
2024-01-11;100657;1.1388342
2024-01-11;100662;0.9558778
2024-01-11;100663;1.1935697
2024-01-11;100664;0.9138954
2024-01-11;100665;0.6658927
2024-01-11;100668;1.4371741
2024-01-11;100683;1.2507643
2024-01-11;100686;1.8033223
2024-01-11;100691;2.1232686
2024-01-12;100045;1.4695296
2024-01-12;100046;1.5628319
2024-01-12;100050;1.8202654
2024-01-12;100126;1.7140615
2024-01-12;100139;1.7127751
2024-01-12;100140;1.4552965
2024-01-12;100165;18.735361
2024-01-12;100184;5.163288
2024-01-12;100192;2.3129675
2024-01-12;100193;2.2446527
2024-01-12;100225;1.5234945
2024-01-12;100227;1.5991321
2024-01-12;100228;1.7311978
2024-01-12;100245;10.483006
2024-01-12;100257;3.2500858
2024-01-12;100259;3.1806915
2024-01-12;100348;0.629781
2024-01-12;100354;2.0479558
2024-01-12;100370;6.5673466
2024-01-12;100375;0.09142312
2024-01-12;100386;3.38422
2024-01-12;100390;0.79874516
2024-01-12;100394;0.79874516
2024-01-12;100399;0.78285766
2024-01-12;100417;1.5307866
2024-01-12;100448;3.6124284
2024-01-12;100450;1.9199752
2024-01-12;100453;2.2030957
2024-01-12;100454;4.189295
2024-01-12;100455;2.8598697
2024-01-12;100462;1.8282007
2024-01-12;100469;25.486435
2024-01-12;100470;10.733996
2024-01-12;100471;15.619682
2024-01-12;100473;3.19124
2024-01-12;100474;3.3738334
2024-01-12;100486;5.92387
2024-01-12;100487;5.1346116
2024-01-12;100516;20.199318
2024-01-12;100517;1.9820678
2024-01-12;100523;5.651694
2024-01-12;100524;4.0188007
2024-01-12;100525;2.7954822
2024-01-12;100526;3.2806387
2024-01-12;100528;4.723094
2024-01-12;100530;1.7830552
2024-01-12;100544;5.593814
2024-01-12;100545;6.832719
2024-01-12;100547;2.0993114
2024-01-12;100551;3.2842023
2024-01-12;100553;3.6209624
2024-01-12;100554;1.6328806
2024-01-12;100556;1.9658424
2024-01-12;100558;2.52624
2024-01-12;100596;6.237684
2024-01-12;100601;7.282539
2024-01-12;100602;7.786623
2024-01-12;100604;8.339899
2024-01-12;100607;6.341552
2024-01-12;100611;12.850769
2024-01-12;100612;5.9327054
2024-01-12;100613;3.2439985
2024-01-12;100614;4.9529624
2024-01-12;100621;3.2087152
2024-01-12;100638;1.8288198
2024-01-12;100639;4.6210046
2024-01-12;100644;3.9532328
2024-01-12;100645;2.6065207
2024-01-12;100646;3.2385924
2024-01-12;100648;4.025643
2024-01-12;100650;3.2188182
2024-01-12;100651;1.2450492
2024-01-12;100656;1.5504156
2024-01-12;100657;1.4211043
2024-01-12;100662;0.5970059
2024-01-12;100663;1.3208761
2024-01-12;100664;0.9860607
2024-01-12;100665;0.5039067
2024-01-12;100668;1.577847
2024-01-12;100683;1.3328688
2024-01-12;100686;1.4173793
2024-01-12;100691;2.4733717
2024-01-13;100045;1.4902724
2024-01-13;100046;1.5930644
2024-01-13;100050;1.8532046
2024-01-13;100126;1.6861279
2024-01-13;100139;1.6392721
2024-01-13;100140;1.6238272
2024-01-13;100165;18.47245
2024-01-13;100184;4.6310177
2024-01-13;100192;1.9310361
2024-01-13;100193;2.0474777
2024-01-13;100225;1.236643
2024-01-13;100227;1.3122803
2024-01-13;100228;1.5086904
2024-01-13;100245;10.462534
2024-01-13;100257;2.7268841
2024-01-13;100259;2.633682
2024-01-13;100348;0.27852538
2024-01-13;100354;1.6290215
2024-01-13;100370;5.2563467
2024-01-13;100375;-0.15716322
2024-01-13;100386;3.0308335
2024-01-13;100390;0.7295738
2024-01-13;100394;0.6995327
2024-01-13;100399;0.67814
2024-01-13;100417;1.478764
2024-01-13;100448;3.4263294
2024-01-13;100450;1.8839501
2024-01-13;100453;2.026564
2024-01-13;100454;3.932899
2024-01-13;100455;2.6639724
2024-01-13;100462;1.5258267
2024-01-13;100469;22.627588
2024-01-13;100470;10.713487
2024-01-13;100471;14.27183
2024-01-13;100473;3.104053
2024-01-13;100474;3.2866464
2024-01-13;100486;5.6788893
2024-01-13;100487;5.302683
2024-01-13;100516;20.51163
2024-01-13;100517;2.1111114
2024-01-13;100523;5.804443
2024-01-13;100524;4.1715503
2024-01-13;100525;2.963561
2024-01-13;100526;3.6324337
2024-01-13;100528;4.985448
2024-01-13;100530;1.7698846
2024-01-13;100544;5.6133833
2024-01-13;100545;6.9855733
2024-01-13;100547;2.2189212
2024-01-13;100551;3.3283157
2024-01-13;100553;3.6440794
2024-01-13;100554;1.7524908
2024-01-13;100556;2.0099554
2024-01-13;100558;2.479281
2024-01-13;100596;6.3814607
2024-01-13;100601;7.637706
2024-01-13;100602;8.225897
2024-01-13;100604;8.766183
2024-01-13;100607;6.618578
2024-01-13;100611;13.046792
2024-01-13;100612;5.4581194
2024-01-13;100613;2.8738642
2024-01-13;100614;4.259544
2024-01-13;100621;3.2818007
2024-01-13;100638;2.1159308
2024-01-13;100639;4.4172525
2024-01-13;100644;3.550987
2024-01-13;100645;2.4216142
2024-01-13;100646;3.2515538
2024-01-13;100648;3.22851
2024-01-13;100650;2.6749027
2024-01-13;100651;1.0079439
2024-01-13;100656;1.9702684
2024-01-13;100657;1.8794379
2024-01-13;100662;0.44810507
2024-01-13;100663;1.2596493
2024-01-13;100664;0.8739804
2024-01-13;100665;0.48831996
2024-01-13;100668;1.5006627
2024-01-13;100683;1.2033153
2024-01-13;100686;1.4269813
2024-01-13;100691;2.5653372
2024-01-14;100045;1.3573195
2024-01-14;100046;1.3623167
2024-01-14;100050;1.5175614
2024-01-14;100126;1.5446701
2024-01-14;100139;1.3798932
2024-01-14;100140;1.2829947
2024-01-14;100165;16.20758
2024-01-14;100184;3.9395914
2024-01-14;100192;1.824246
2024-01-14;100193;1.8768128
2024-01-14;100225;1.3552732
2024-01-14;100227;1.450735
2024-01-14;100228;1.9327774
2024-01-14;100245;10.876189
2024-01-14;100257;2.873199
2024-01-14;100259;3.0535598
2024-01-14;100348;0.2895843
2024-01-14;100354;0.8145822
2024-01-14;100370;4.236517
2024-01-14;100375;-0.55890405
2024-01-14;100386;2.479202
2024-01-14;100390;0.79223233
2024-01-14;100394;0.7621913
2024-01-14;100399;0.7908693
2024-01-14;100417;2.0776172
2024-01-14;100448;2.696044
2024-01-14;100450;1.6386628
2024-01-14;100453;1.8721504
2024-01-14;100454;3.629104
2024-01-14;100455;2.5775237
2024-01-14;100462;1.1623443
2024-01-14;100469;22.475914
2024-01-14;100470;9.989983
2024-01-14;100471;12.480313
2024-01-14;100473;2.3250277
2024-01-14;100474;2.7220678
2024-01-14;100486;5.6025953
2024-01-14;100487;4.9583087
2024-01-14;100516;16.716751
2024-01-14;100517;1.2937918
2024-01-14;100523;3.4912803
2024-01-14;100524;2.5870976
2024-01-14;100525;1.6698726
2024-01-14;100526;2.3387442
2024-01-14;100528;3.298492
2024-01-14;100530;1.7671161
2024-01-14;100544;3.6140192
2024-01-14;100545;4.271769
2024-01-14;100547;1.4449962
2024-01-14;100551;2.2826128
2024-01-14;100553;2.5250275
2024-01-14;100554;1.5530701
2024-01-14;100556;1.6433754
2024-01-14;100558;1.8178357
2024-01-14;100596;5.323574
2024-01-14;100601;6.2339787
2024-01-14;100602;6.783617
2024-01-14;100604;7.07662
2024-01-14;100607;4.412166
2024-01-14;100611;11.000913
2024-01-14;100612;3.3442097
2024-01-14;100613;2.2425668
2024-01-14;100614;3.630193
2024-01-14;100621;3.039999
2024-01-14;100638;1.4033593
2024-01-14;100639;3.3915105
2024-01-14;100644;2.6506195
2024-01-14;100645;2.165667
2024-01-14;100646;2.2007945
2024-01-14;100648;2.2983093
2024-01-14;100650;1.8398855
2024-01-14;100651;0.46812326
2024-01-14;100656;1.211135
2024-01-14;100657;1.2835282
2024-01-14;100662;0.40256196
2024-01-14;100663;1.0077794
2024-01-14;100664;0.7224533
2024-01-14;100665;0.71772814
2024-01-14;100668;1.3690574
2024-01-14;100683;1.1464542
2024-01-14;100686;1.3508894
2024-01-14;100691;2.5512364
2024-01-15;100045;1.5089426
2024-01-15;100046;1.7228488
2024-01-15;100050;1.5366874
2024-01-15;100126;1.4697572
2024-01-15;100139;1.3721244
2024-01-15;100140;1.2609811
2024-01-15;100165;16.853697
2024-01-15;100184;2.7165582
2024-01-15;100192;1.7514266
2024-01-15;100193;1.7157663
2024-01-15;100225;1.6557018
2024-01-15;100227;1.6483229
2024-01-15;100228;1.6333848
2024-01-15;100245;8.039851
2024-01-15;100257;2.8774498
2024-01-15;100259;3.2124846
2024-01-15;100348;0.4415949
2024-01-15;100354;0.14788724
2024-01-15;100370;4.522064
2024-01-15;100375;-0.499884
2024-01-15;100386;1.9438828
2024-01-15;100390;2.014438
2024-01-15;100394;2.014438
2024-01-15;100399;1.6746091
2024-01-15;100417;0.94115365
2024-01-15;100448;2.7016947
2024-01-15;100450;1.2448982
2024-01-15;100453;1.9684849
2024-01-15;100454;3.9725173
2024-01-15;100455;3.2115712
2024-01-15;100462;1.078931
2024-01-15;100469;18.782644
2024-01-15;100470;7.91317
2024-01-15;100471;12.392515
2024-01-15;100473;1.6261365
2024-01-15;100474;1.8515671
2024-01-15;100486;4.2790313
2024-01-15;100487;4.8086057
2024-01-15;100516;15.343192
2024-01-15;100517;1.9464899
2024-01-15;100523;2.6327825
2024-01-15;100524;2.233738
2024-01-15;100525;1.4174544
2024-01-15;100526;1.6859953
2024-01-15;100528;2.240358
2024-01-15;100530;0.65116066
2024-01-15;100544;3.5955122
2024-01-15;100545;3.3930655
2024-01-15;100547;1.3088883
2024-01-15;100551;2.2957432
2024-01-15;100553;2.1534297
2024-01-15;100554;1.5714095
2024-01-15;100556;1.7953725
2024-01-15;100558;1.4588724
2024-01-15;100596;4.8277183
2024-01-15;100601;5.4414663
2024-01-15;100602;5.598256
2024-01-15;100604;5.629202
2024-01-15;100607;4.324933
2024-01-15;100611;10.930561
2024-01-15;100612;5.766801
2024-01-15;100613;3.3153627
2024-01-15;100614;4.9677157
2024-01-15;100621;3.3466325
2024-01-15;100638;1.9734186
2024-01-15;100639;3.5015984
2024-01-15;100644;3.611124
2024-01-15;100645;2.3586051
2024-01-15;100646;2.3377602
2024-01-15;100648;3.3295345
2024-01-15;100650;1.1892012
2024-01-15;100651;0.6859602
2024-01-15;100656;0.97140855
2024-01-15;100657;0.9023844
2024-01-15;100662;0.9704162
2024-01-15;100663;1.059437
2024-01-15;100664;0.7553848
2024-01-15;100665;0.8449504
2024-01-15;100668;1.5842091
2024-01-15;100683;1.1823833
2024-01-15;100686;1.6483979
2024-01-15;100691;2.3120096
2024-01-16;100045;1.3243136
2024-01-16;100046;1.7051445
2024-01-16;100050;1.8985069
2024-01-16;100126;1.9328974
2024-01-16;100139;1.4406366
2024-01-16;100140;1.2845709
2024-01-16;100165;14.217834
2024-01-16;100184;4.260782
2024-01-16;100192;1.8476979
2024-01-16;100193;1.772523
2024-01-16;100225;1.6435225
2024-01-16;100227;1.6361439
2024-01-16;100228;1.480555
2024-01-16;100245;7.812393
2024-01-16;100257;3.0936239
2024-01-16;100259;3.3853571
2024-01-16;100348;0.46836883
2024-01-16;100354;0.21805204
2024-01-16;100370;4.5963583
2024-01-16;100375;-0.4434279
2024-01-16;100386;2.8050845
2024-01-16;100390;2.0517974
2024-01-16;100394;2.0517974
2024-01-16;100399;1.7366676
2024-01-16;100417;1.4031627
2024-01-16;100448;2.8609283
2024-01-16;100450;1.3256687
2024-01-16;100453;2.0499206
2024-01-16;100454;3.744727
2024-01-16;100455;2.748203
2024-01-16;100462;1.0875132
2024-01-16;100469;19.061148
2024-01-16;100470;8.837377
2024-01-16;100471;13.357323
2024-01-16;100473;1.6910232
2024-01-16;100474;1.8910629
2024-01-16;100486;4.500355
2024-01-16;100487;4.743803
2024-01-16;100516;16.103346
2024-01-16;100517;2.0239236
2024-01-16;100523;2.7597296
2024-01-16;100524;2.306762
2024-01-16;100525;1.463254
2024-01-16;100526;1.7370969
2024-01-16;100528;2.3352635
2024-01-16;100530;1.4971658
2024-01-16;100544;3.663911
2024-01-16;100545;3.4918623
2024-01-16;100547;1.4011167
2024-01-16;100551;2.5223022
2024-01-16;100553;2.2909887
2024-01-16;100554;1.3792281
2024-01-16;100556;1.8468114
2024-01-16;100558;1.5104852
2024-01-16;100596;4.4156504
2024-01-16;100601;5.323482
2024-01-16;100602;5.5091133
2024-01-16;100604;5.5866413
2024-01-16;100607;4.3511605
2024-01-16;100611;8.899722
2024-01-16;100612;4.431379
2024-01-16;100613;3.2205
2024-01-16;100614;3.6933892
2024-01-16;100621;2.7541583
2024-01-16;100638;2.623972
2024-01-16;100639;3.636582
2024-01-16;100644;4.3104553
2024-01-16;100645;2.4196799
2024-01-16;100646;2.589054
2024-01-16;100648;3.8074844
2024-01-16;100650;1.3635563
2024-01-16;100651;1.0179179
2024-01-16;100656;0.51349485
2024-01-16;100657;0.4388327
2024-01-16;100662;1.134594
2024-01-16;100663;1.1687442
2024-01-16;100664;0.9165736
2024-01-16;100665;1.063866
2024-01-16;100668;1.6981076
2024-01-16;100683;1.3385673
2024-01-16;100686;1.7259433
2024-01-16;100691;2.521476
2024-01-17;100045;1.3387709
2024-01-17;100046;1.5870166
2024-01-17;100050;1.7760874
2024-01-17;100126;1.518666
2024-01-17;100139;1.4351128
2024-01-17;100140;1.2864488
2024-01-17;100165;14.969385
2024-01-17;100184;3.575696
2024-01-17;100192;1.7481232
2024-01-17;100193;1.6961768
2024-01-17;100225;1.5371994
2024-01-17;100227;1.5298206
2024-01-17;100228;1.501645
2024-01-17;100245;8.011662
2024-01-17;100257;3.4304414
2024-01-17;100259;3.7561355
2024-01-17;100348;1.7467971
2024-01-17;100354;1.7585181
2024-01-17;100370;4.178637
2024-01-17;100375;-0.06458777
2024-01-17;100386;3.0284476
2024-01-17;100390;1.8477272
2024-01-17;100394;1.8477272
2024-01-17;100399;1.5922699
2024-01-17;100417;1.5327959
2024-01-17;100448;2.860062
2024-01-17;100450;1.5915477
2024-01-17;100453;1.9238425
2024-01-17;100454;3.9063735
2024-01-17;100455;2.5821657
2024-01-17;100462;1.1234139
2024-01-17;100469;18.287897
2024-01-17;100470;9.036961
2024-01-17;100471;13.884258
2024-01-17;100473;1.6783673
2024-01-17;100474;1.8784068
2024-01-17;100486;4.816111
2024-01-17;100487;4.452741
2024-01-17;100516;15.93487
2024-01-17;100517;1.9285243
2024-01-17;100523;2.6913753
2024-01-17;100524;2.2384074
2024-01-17;100525;1.2969099
2024-01-17;100526;1.6687422
2024-01-17;100528;2.2964342
2024-01-17;100530;1.3001207
2024-01-17;100544;3.4356112
2024-01-17;100545;4.041181
2024-01-17;100547;1.2822709
2024-01-17;100551;2.3720818
2024-01-17;100553;2.1125638
2024-01-17;100554;1.2815185
2024-01-17;100556;1.7072985
2024-01-17;100558;1.3836603
2024-01-17;100596;4.24517
2024-01-17;100601;5.3163986
2024-01-17;100602;5.50203
2024-01-17;100604;5.579558
2024-01-17;100607;4.305632
2024-01-17;100611;8.8661175
2024-01-17;100612;4.4506955
2024-01-17;100613;3.0038872
2024-01-17;100614;3.8609128
2024-01-17;100621;2.7221556
2024-01-17;100638;2.5180244
2024-01-17;100639;3.602956
2024-01-17;100644;4.4570904
2024-01-17;100645;2.5696197
2024-01-17;100646;2.8634121
2024-01-17;100648;5.1325793
2024-01-17;100650;3.2763183
2024-01-17;100651;1.0552136
2024-01-17;100656;1.3357338
2024-01-17;100657;1.229132
2024-01-17;100662;2.9640355
2024-01-17;100663;1.47481
2024-01-17;100664;1.6039938
2024-01-17;100665;1.5061401
2024-01-17;100668;1.5654978
2024-01-17;100683;1.213899
2024-01-17;100686;1.6580906
2024-01-17;100691;2.2811086
2024-01-18;100045;1.2996159
2024-01-18;100046;1.1284626
2024-01-18;100050;1.8745118
2024-01-18;100126;1.3521038
2024-01-18;100139;1.5575185
2024-01-18;100140;1.3753868
2024-01-18;100165;17.21403
2024-01-18;100184;4.243005
2024-01-18;100192;1.9756756
2024-01-18;100193;1.7604609
2024-01-18;100225;1.5088681
2024-01-18;100227;1.5014893
2024-01-18;100228;1.6641915
2024-01-18;100245;8.548463
2024-01-18;100257;3.0941522
2024-01-18;100259;2.851027
2024-01-18;100348;1.5610983
2024-01-18;100354;2.6422362
2024-01-18;100370;1.8060138
2024-01-18;100375;-0.44714338
2024-01-18;100386;1.7575414
2024-01-18;100390;1.0744417
2024-01-18;100394;1.0744417
2024-01-18;100399;1.0185221
2024-01-18;100417;1.8904395
2024-01-18;100448;2.640538
2024-01-18;100450;1.7504289
2024-01-18;100453;2.0049942
2024-01-18;100454;4.4647956
2024-01-18;100455;2.6615922
2024-01-18;100462;1.5571946
2024-01-18;100469;20.922073
2024-01-18;100470;7.056193
2024-01-18;100471;8.729061
2024-01-18;100473;2.2406673
2024-01-18;100474;2.351212
2024-01-18;100486;5.2277455
2024-01-18;100487;5.3615384
2024-01-18;100516;18.896652
2024-01-18;100517;2.6133547
2024-01-18;100523;7.5614896
2024-01-18;100524;6.2460856
2024-01-18;100525;4.648945
2024-01-18;100526;5.0207734
2024-01-18;100528;5.726992
2024-01-18;100530;1.0036569
2024-01-18;100544;1.818367
2024-01-18;100545;2.2281497
2024-01-18;100547;1.4964589
2024-01-18;100551;2.5081213
2024-01-18;100553;2.6652205
2024-01-18;100554;1.0205536
2024-01-18;100556;1.586409
2024-01-18;100558;1.509374
2024-01-18;100596;2.2114491
2024-01-18;100601;5.5782413
2024-01-18;100602;5.901194
2024-01-18;100604;5.8900414
2024-01-18;100607;4.322403
2024-01-18;100611;10.06243
2024-01-18;100612;4.5273175
2024-01-18;100613;2.6055868
2024-01-18;100614;4.1003876
2024-01-18;100621;2.649712
2024-01-18;100638;2.031365
2024-01-18;100639;3.7261326
2024-01-18;100644;5.306765
2024-01-18;100645;2.2323344
2024-01-18;100646;2.8736694
2024-01-18;100648;4.6887417
2024-01-18;100650;3.4407692
2024-01-18;100651;2.01575
2024-01-18;100656;1.268145
2024-01-18;100657;1.1388342
2024-01-18;100662;1.2523588
2024-01-18;100663;1.4830177
2024-01-18;100664;1.632725
2024-01-18;100665;1.6370966
2024-01-18;100668;1.1267352
2024-01-18;100683;1.0363237
2024-01-18;100686;2.1603813
2024-01-18;100691;2.6880376
2024-01-19;100045;1.4695296
2024-01-19;100046;1.5628319
2024-01-19;100050;1.8202654
2024-01-19;100126;1.7140615
2024-01-19;100139;1.7127751
2024-01-19;100140;1.4552965
2024-01-19;100165;18.735361
2024-01-19;100184;5.163288
2024-01-19;100192;2.3129675
2024-01-19;100193;2.2446527
2024-01-19;100225;1.5234945
2024-01-19;100227;1.5991321
2024-01-19;100228;1.7311978
2024-01-19;100245;10.483006
2024-01-19;100257;3.6987762
2024-01-19;100259;3.5311792
2024-01-19;100348;1.2571038
2024-01-19;100354;3.468252
2024-01-19;100370;3.026432
2024-01-19;100375;0.09142312
2024-01-19;100386;2.328937
2024-01-19;100390;0.79874516
2024-01-19;100394;0.79874516
2024-01-19;100399;0.78285766
2024-01-19;100417;1.5307866
2024-01-19;100448;2.8619843
2024-01-19;100450;1.9199752
2024-01-19;100453;2.2030957
2024-01-19;100454;5.222115
2024-01-19;100455;2.8598697
2024-01-19;100462;1.8282007
2024-01-19;100469;25.486435
2024-01-19;100470;7.6483955
2024-01-19;100471;9.359652
2024-01-19;100473;3.19124
2024-01-19;100474;3.3738334
2024-01-19;100486;5.92387
2024-01-19;100487;5.1346116
2024-01-19;100516;20.199318
2024-01-19;100517;1.996353
2024-01-19;100523;10.562105
2024-01-19;100524;8.09459
2024-01-19;100525;6.425078
2024-01-19;100526;6.9102345
2024-01-19;100528;8.43121
2024-01-19;100530;1.7830552
2024-01-19;100544;3.2111216
2024-01-19;100545;3.494893
2024-01-19;100547;2.0993114
2024-01-19;100551;3.2842023
2024-01-19;100553;3.6209624
2024-01-19;100554;1.6328806
2024-01-19;100556;1.9658424
2024-01-19;100558;2.52624
2024-01-19;100596;3.190482
2024-01-19;100601;7.282539
2024-01-19;100602;7.786623
2024-01-19;100604;8.339899
2024-01-19;100607;6.341552
2024-01-19;100611;12.850769
2024-01-19;100612;5.9327054
2024-01-19;100613;3.2439985
2024-01-19;100614;4.9529624
2024-01-19;100621;3.2087152
2024-01-19;100638;1.8288198
2024-01-19;100639;4.6210046
2024-01-19;100644;6.8533025
2024-01-19;100645;2.6065207
2024-01-19;100646;3.2385924
2024-01-19;100648;4.449213
2024-01-19;100650;3.2188182
2024-01-19;100651;2.7419324
2024-01-19;100656;1.5504156
2024-01-19;100657;1.4211043
2024-01-19;100662;1.4481456
2024-01-19;100663;1.5907909
2024-01-19;100664;1.956343
2024-01-19;100665;2.1752853
2024-01-19;100668;1.3373094
2024-01-19;100683;1.3891871
2024-01-19;100686;1.7170709
2024-01-19;100691;2.9407394
2024-01-20;100045;1.4902724
2024-01-20;100046;1.5930644
2024-01-20;100050;1.8532046
2024-01-20;100126;1.6861279
2024-01-20;100139;1.6392721
2024-01-20;100140;1.6238272
2024-01-20;100165;18.47245
2024-01-20;100184;4.6310177
2024-01-20;100192;1.9310361
2024-01-20;100193;2.0474777
2024-01-20;100225;1.236643
2024-01-20;100227;1.3122803
2024-01-20;100228;1.5086904
2024-01-20;100245;10.462534
2024-01-20;100257;3.3001037
2024-01-20;100259;3.1086993
2024-01-20;100348;0.9618995
2024-01-20;100354;2.9231136
2024-01-20;100370;1.7790487
2024-01-20;100375;-0.15716322
2024-01-20;100386;2.3482502
2024-01-20;100390;0.7295738
2024-01-20;100394;0.6995327
2024-01-20;100399;0.67814
2024-01-20;100417;1.478764
2024-01-20;100448;2.920023
2024-01-20;100450;1.8839501
2024-01-20;100453;2.026564
2024-01-20;100454;4.8153996
2024-01-20;100455;2.6639724
2024-01-20;100462;1.5258267
2024-01-20;100469;22.627588
2024-01-20;100470;7.77513
2024-01-20;100471;8.159042
2024-01-20;100473;3.104053
2024-01-20;100474;3.2866464
2024-01-20;100486;5.6788893
2024-01-20;100487;5.302683
2024-01-20;100516;20.51163
2024-01-20;100517;1.752695
2024-01-20;100523;10.712934
2024-01-20;100524;8.245417
2024-01-20;100525;6.591235
2024-01-20;100526;7.260108
2024-01-20;100528;8.691642
2024-01-20;100530;1.7698846
2024-01-20;100544;3.320088
2024-01-20;100545;3.60386
2024-01-20;100547;2.2189212
2024-01-20;100551;3.3283157
2024-01-20;100553;3.6440794
2024-01-20;100554;1.7524908
2024-01-20;100556;2.0099554
2024-01-20;100558;2.479281
2024-01-20;100596;3.2299926
2024-01-20;100601;7.637706
2024-01-20;100602;8.225897
2024-01-20;100604;8.766183
2024-01-20;100607;6.618578
2024-01-20;100611;13.046792
2024-01-20;100612;5.4581194
2024-01-20;100613;2.8738642
2024-01-20;100614;4.259544
2024-01-20;100621;3.2818007
2024-01-20;100638;2.1159308
2024-01-20;100639;4.4172525
2024-01-20;100644;6.0102935
2024-01-20;100645;2.4216142
2024-01-20;100646;3.2515538
2024-01-20;100648;3.6834588
2024-01-20;100650;2.6749027
2024-01-20;100651;2.6516178
2024-01-20;100656;1.9702684
2024-01-20;100657;1.8794379
2024-01-20;100662;1.4523473
2024-01-20;100663;1.6425829
2024-01-20;100664;1.9388331
2024-01-20;100665;2.2804894
2024-01-20;100668;1.3223783
2024-01-20;100683;1.446369
2024-01-20;100686;1.5519103
2024-01-20;100691;3.0289297
2024-01-21;100045;1.3573195
2024-01-21;100046;1.3623167
2024-01-21;100050;1.5175614
2024-01-21;100126;1.5446701
2024-01-21;100139;1.3798932
2024-01-21;100140;1.2829947
2024-01-21;100165;16.20758
2024-01-21;100184;3.9395914
2024-01-21;100192;1.824246
2024-01-21;100193;1.8768128
2024-01-21;100225;1.3552732
2024-01-21;100227;1.450735
2024-01-21;100228;1.9327774
2024-01-21;100245;10.876189
2024-01-21;100257;3.0944588
2024-01-21;100259;3.1766179
2024-01-21;100348;1.3249676
2024-01-21;100354;1.8359153
2024-01-21;100370;0.81861854
2024-01-21;100375;-0.55890405
2024-01-21;100386;1.8461304
2024-01-21;100390;0.79223233
2024-01-21;100394;0.7621913
2024-01-21;100399;0.7908693
2024-01-21;100417;2.0776172
2024-01-21;100448;2.3207948
2024-01-21;100450;1.6386628
2024-01-21;100453;1.8721504
2024-01-21;100454;3.8842032
2024-01-21;100455;2.5775237
2024-01-21;100462;1.1623443
2024-01-21;100469;22.475914
2024-01-21;100470;7.124208
2024-01-21;100471;6.4401045
2024-01-21;100473;2.3250277
2024-01-21;100474;2.7220678
2024-01-21;100486;5.6025953
2024-01-21;100487;4.9583087
2024-01-21;100516;16.716751
2024-01-21;100517;0.88586736
2024-01-21;100523;7.883904
2024-01-21;100524;6.145092
2024-01-21;100525;4.7816715
2024-01-21;100526;5.4505444
2024-01-21;100528;6.488818
2024-01-21;100530;1.7671161
2024-01-21;100544;1.8013983
2024-01-21;100545;1.6693504
2024-01-21;100547;1.4449962
2024-01-21;100551;2.2826128
2024-01-21;100553;2.5250275
2024-01-21;100554;1.5530701
2024-01-21;100556;1.6433754
2024-01-21;100558;1.8178357
2024-01-21;100596;2.6476662
2024-01-21;100601;6.2339787
2024-01-21;100602;6.783617
2024-01-21;100604;7.07662
2024-01-21;100607;4.412166
2024-01-21;100611;11.000913
2024-01-21;100612;3.3442097
2024-01-21;100613;2.2425668
2024-01-21;100614;3.630193
2024-01-21;100621;3.039999
2024-01-21;100638;1.4033593
2024-01-21;100639;3.3915105
2024-01-21;100644;5.679257
2024-01-21;100645;2.165667
2024-01-21;100646;2.2007945
2024-01-21;100648;2.9264045
2024-01-21;100650;1.8398855
2024-01-21;100651;1.4287764
2024-01-21;100656;1.211135
2024-01-21;100657;1.2835282
2024-01-21;100662;1.2988106
2024-01-21;100663;1.4437529
2024-01-21;100664;1.3760356
2024-01-21;100665;2.0088449
2024-01-21;100668;1.100492
2024-01-21;100683;1.3284942
2024-01-21;100686;1.3238106
2024-01-21;100691;2.9015281
2024-01-22;100045;1.5089426
2024-01-22;100046;1.7228488
2024-01-22;100050;1.5366874
2024-01-22;100126;1.3836879
2024-01-22;100139;1.3721244
2024-01-22;100140;1.2609811
2024-01-22;100165;16.853697
2024-01-22;100184;2.7165582
2024-01-22;100192;1.7514266
2024-01-22;100193;1.7157663
2024-01-22;100225;1.6557018
2024-01-22;100227;1.6483229
2024-01-22;100228;1.6333848
2024-01-22;100245;8.039851
2024-01-22;100257;2.8937151
2024-01-22;100259;3.1305482
2024-01-22;100348;1.8474693
2024-01-22;100354;1.3972341
2024-01-22;100370;0.4331492
2024-01-22;100375;-0.499884
2024-01-22;100386;2.050502
2024-01-22;100390;2.014438
2024-01-22;100394;2.014438
2024-01-22;100399;1.6746091
2024-01-22;100417;0.94115365
2024-01-22;100448;1.924163
2024-01-22;100450;1.2448982
2024-01-22;100453;1.9684849
2024-01-22;100454;3.760267
2024-01-22;100455;3.2115712
2024-01-22;100462;1.078931
2024-01-22;100469;18.782644
2024-01-22;100470;5.7353277
2024-01-22;100471;7.040245
2024-01-22;100473;1.6261365
2024-01-22;100474;1.8515671
2024-01-22;100486;4.2790313
2024-01-22;100487;4.8086057
2024-01-22;100516;15.343192
2024-01-22;100517;0.79886997
2024-01-22;100523;6.7876983
2024-01-22;100524;5.55403
2024-01-22;100525;4.2915483
2024-01-22;100526;4.560092
2024-01-22;100528;5.19298
2024-01-22;100530;0.65116066
2024-01-22;100544;1.5575876
2024-01-22;100545;0.6950728
2024-01-22;100547;1.3088883
2024-01-22;100551;2.2957432
2024-01-22;100553;2.1534297
2024-01-22;100554;1.5714095
2024-01-22;100556;1.7953725
2024-01-22;100558;1.4588724
2024-01-22;100596;2.1683087
2024-01-22;100601;5.4414663
2024-01-22;100602;5.598256
2024-01-22;100604;5.629202
2024-01-22;100607;4.324933
2024-01-22;100611;10.930561
2024-01-22;100612;5.766801
2024-01-22;100613;3.3153627
2024-01-22;100614;4.9677157
2024-01-22;100621;3.3466325
2024-01-22;100638;1.9734186
2024-01-22;100639;3.5015984
2024-01-22;100644;6.621832
2024-01-22;100645;2.3586051
2024-01-22;100646;2.3377602
2024-01-22;100648;4.053926
2024-01-22;100650;1.1892012
2024-01-22;100651;1.5261039
2024-01-22;100656;0.97140855
2024-01-22;100657;0.9023844
2024-01-22;100662;1.2883797
2024-01-22;100663;1.3586596
2024-01-22;100664;1.393708
2024-01-22;100665;1.8956057
2024-01-22;100668;1.4961213
2024-01-22;100683;1.3668361
2024-01-22;100686;1.7320412
2024-01-22;100691;2.7262015
2024-01-23;100045;1.3243136
2024-01-23;100046;1.7051445
2024-01-23;100050;1.8985069
2024-01-23;100126;1.7930697
2024-01-23;100139;1.112621
2024-01-23;100140;1.1811509
2024-01-23;100165;14.217834
2024-01-23;100184;4.260782
2024-01-23;100192;1.8476979
2024-01-23;100193;1.772523
2024-01-23;100225;1.6435225
2024-01-23;100227;1.6361439
2024-01-23;100228;1.480555
2024-01-23;100245;7.812393
2024-01-23;100257;3.0322363
2024-01-23;100259;3.2257679
2024-01-23;100348;1.9185822
2024-01-23;100354;1.444168
2024-01-23;100370;0.5128358
2024-01-23;100375;-0.4434279
2024-01-23;100386;2.10185
2024-01-23;100390;2.0517974
2024-01-23;100394;2.0517974
2024-01-23;100399;1.7366676
2024-01-23;100417;1.4031627
2024-01-23;100448;2.1422067
2024-01-23;100450;1.3256687
2024-01-23;100453;2.0499206
2024-01-23;100454;3.8954859
2024-01-23;100455;2.748203
2024-01-23;100462;1.0875132
2024-01-23;100469;19.061148
2024-01-23;100470;6.052693
2024-01-23;100471;7.3982043
2024-01-23;100473;1.6910232
2024-01-23;100474;1.8910629
2024-01-23;100486;4.500355
2024-01-23;100487;4.743803
2024-01-23;100516;16.103346
2024-01-23;100517;1.6861587
2024-01-23;100523;6.767851
2024-01-23;100524;5.4802594
2024-01-23;100525;4.190554
2024-01-23;100526;4.4643984
2024-01-23;100528;5.141091
2024-01-23;100530;1.4971658
2024-01-23;100544;1.6666863
2024-01-23;100545;0.8332371
2024-01-23;100547;1.4011167
2024-01-23;100551;2.5223022
2024-01-23;100553;2.2909887
2024-01-23;100554;1.3792281
2024-01-23;100556;1.8468114
2024-01-23;100558;1.5104852
2024-01-23;100596;2.1679065
2024-01-23;100601;5.323482
2024-01-23;100602;5.5091133
2024-01-23;100604;5.5866413
2024-01-23;100607;4.3511605
2024-01-23;100611;8.899722
2024-01-23;100612;4.431379
2024-01-23;100613;3.2205
2024-01-23;100614;3.6933892
2024-01-23;100621;2.7541583
2024-01-23;100638;2.623972
2024-01-23;100639;3.636582
2024-01-23;100644;5.1345267
2024-01-23;100645;2.4196799
2024-01-23;100646;2.589054
2024-01-23;100648;4.1982746
2024-01-23;100650;1.3635563
2024-01-23;100651;1.4469454
2024-01-23;100656;0.51349485
2024-01-23;100657;0.4388327
2024-01-23;100662;3.0233414
2024-01-23;100663;1.4159528
2024-01-23;100664;1.3560889
2024-01-23;100665;1.7028539
2024-01-23;100668;1.6100198
2024-01-23;100683;1.5623875
2024-01-23;100686;2.061324
2024-01-23;100691;3.1828668
2024-01-24;100045;1.3387709
2024-01-24;100046;1.5870166
2024-01-24;100050;1.7760874
2024-01-24;100126;1.378839
2024-01-24;100139;1.1070971
2024-01-24;100140;1.1830288
2024-01-24;100165;14.969385
2024-01-24;100184;3.575696
2024-01-24;100192;1.7481232
2024-01-24;100193;1.6961768
2024-01-24;100225;1.5371994
2024-01-24;100227;1.5298206
2024-01-24;100228;1.501645
2024-01-24;100245;8.011662
2024-01-24;100257;3.0723536
2024-01-24;100259;3.2998462
2024-01-24;100348;1.7467971
2024-01-24;100354;1.7585181
2024-01-24;100370;0.34001803
2024-01-24;100375;-0.06458777
2024-01-24;100386;2.0816529
2024-01-24;100390;1.8477272
2024-01-24;100394;1.8477272
2024-01-24;100399;1.5922699
2024-01-24;100417;1.5327959
2024-01-24;100448;2.6764054
2024-01-24;100450;1.5915477
2024-01-24;100453;1.9238425
2024-01-24;100454;3.9063735
2024-01-24;100455;2.5821657
2024-01-24;100462;1.1234139
2024-01-24;100469;18.287897
2024-01-24;100470;6.344875
2024-01-24;100471;8.01774
2024-01-24;100473;1.6783673
2024-01-24;100474;1.8784068
2024-01-24;100486;4.816111
2024-01-24;100487;4.452741
2024-01-24;100516;15.93487
2024-01-24;100517;1.8343184
2024-01-24;100523;6.960748
2024-01-24;100524;5.6731567
2024-01-24;100525;4.285462
2024-01-24;100526;4.6572957
2024-01-24;100528;5.3635135
2024-01-24;100530;1.3001207
2024-01-24;100544;1.4590802
2024-01-24;100545;1.293503
2024-01-24;100547;1.2822709
2024-01-24;100551;2.3720818
2024-01-24;100553;2.1125638
2024-01-24;100554;1.2815185
2024-01-24;100556;1.7072985
2024-01-24;100558;1.3836603
2024-01-24;100596;2.1222138
2024-01-24;100601;5.3163986
2024-01-24;100602;5.50203
2024-01-24;100604;5.579558
2024-01-24;100607;4.305632
2024-01-24;100611;8.8661175
2024-01-24;100612;4.4506955
2024-01-24;100613;3.0038872
2024-01-24;100614;3.8609128
2024-01-24;100621;2.7221556
2024-01-24;100638;2.5180244
2024-01-24;100639;3.602956
2024-01-24;100644;5.3107305
2024-01-24;100645;2.5696197
2024-01-24;100646;2.8634121
2024-01-24;100648;5.6859055
2024-01-24;100650;3.2763183
2024-01-24;100651;1.686771
2024-01-24;100656;1.3357338
2024-01-24;100657;1.229132
2024-01-24;100662;2.9640355
2024-01-24;100663;1.47481
2024-01-24;100664;1.6039938
2024-01-24;100665;1.5061401
2024-01-24;100668;1.3475511
2024-01-24;100683;1.3779811
2024-01-24;100686;2.1022215
2024-01-24;100691;2.6374443
2024-01-25;100045;1.2996159
2024-01-25;100046;1.1284626
2024-01-25;100050;1.8745118
2024-01-25;100126;1.1456133
2024-01-25;100139;1.1865225
2024-01-25;100140;1.2538579
2024-01-25;100165;17.21403
2024-01-25;100184;4.243005
2024-01-25;100192;1.9756756
2024-01-25;100193;1.7604609
2024-01-25;100225;1.5088681
2024-01-25;100227;1.5014893
2024-01-25;100228;1.6641915
2024-01-25;100245;8.548463
2024-01-25;100257;3.0941522
2024-01-25;100259;2.851027
2024-01-25;100348;1.5610983
2024-01-25;100354;2.6422362
2024-01-25;100370;1.8060138
2024-01-25;100375;-0.44714338
2024-01-25;100386;1.7575414
2024-01-25;100390;1.0744417
2024-01-25;100394;1.0744417
2024-01-25;100399;1.0185221
2024-01-25;100417;1.8904395
2024-01-25;100448;2.640538
2024-01-25;100450;1.7504289
2024-01-25;100453;2.0049942
2024-01-25;100454;4.4647956
2024-01-25;100455;2.6615922
2024-01-25;100462;1.5571946
2024-01-25;100469;20.922073
2024-01-25;100470;7.056193
2024-01-25;100471;8.729061
2024-01-25;100473;2.2406673
2024-01-25;100474;2.351212
2024-01-25;100486;5.2277455
2024-01-25;100487;5.3615384
2024-01-25;100516;18.896652
2024-01-25;100517;2.6133547
2024-01-25;100523;7.5614896
2024-01-25;100524;6.2460856
2024-01-25;100525;4.648945
2024-01-25;100526;5.0207734
2024-01-25;100528;5.726992
2024-01-25;100530;1.0036569
2024-01-25;100544;1.818367
2024-01-25;100545;2.2281497
2024-01-25;100547;1.4964589
2024-01-25;100551;2.5081213
2024-01-25;100553;2.6652205
2024-01-25;100554;1.0205536
2024-01-25;100556;1.586409
2024-01-25;100558;1.509374
2024-01-25;100596;2.2114491
2024-01-25;100601;5.5782413
2024-01-25;100602;5.901194
2024-01-25;100604;5.8900414
2024-01-25;100607;4.322403
2024-01-25;100611;10.06243
2024-01-25;100612;4.5273175
2024-01-25;100613;2.6055868
2024-01-25;100614;4.1003876
2024-01-25;100621;2.649712
2024-01-25;100638;2.031365
2024-01-25;100639;3.7261326
2024-01-25;100644;5.306765
2024-01-25;100645;2.2323344
2024-01-25;100646;2.8736694
2024-01-25;100648;4.6887417
2024-01-25;100650;3.4407692
2024-01-25;100651;2.01575
2024-01-25;100656;1.268145
2024-01-25;100657;1.1388342
2024-01-25;100662;1.2523588
2024-01-25;100663;1.4830177
2024-01-25;100664;1.632725
2024-01-25;100665;1.6370966
2024-01-25;100668;1.1267352
2024-01-25;100683;1.0363237
2024-01-25;100686;2.1603813
2024-01-25;100691;2.6880376
2024-01-26;100045;1.4695296
2024-01-26;100046;1.5628319
2024-01-26;100050;1.8202654
2024-01-26;100126;1.6250482
2024-01-26;100139;1.3755141
2024-01-26;100140;1.4572486
2024-01-26;100165;18.735361
2024-01-26;100184;5.163288
2024-01-26;100192;2.3129675
2024-01-26;100193;2.2446527
2024-01-26;100225;1.5234945
2024-01-26;100227;1.5991321
2024-01-26;100228;1.7311978
2024-01-26;100245;10.483006
2024-01-26;100257;3.6987762
2024-01-26;100259;3.5311792
2024-01-26;100348;1.2571038
2024-01-26;100354;3.468252
2024-01-26;100370;3.026432
2024-01-26;100375;0.09142312
2024-01-26;100386;2.328937
2024-01-26;100390;0.79874516
2024-01-26;100394;0.79874516
2024-01-26;100399;0.78285766
2024-01-26;100417;1.5307866
2024-01-26;100448;2.8619843
2024-01-26;100450;1.9199752
2024-01-26;100453;2.2030957
2024-01-26;100454;5.222115
2024-01-26;100455;2.8598697
2024-01-26;100462;1.8282007
2024-01-26;100469;25.486435
2024-01-26;100470;7.6483955
2024-01-26;100471;9.359652
2024-01-26;100473;3.19124
2024-01-26;100474;3.3738334
2024-01-26;100486;5.92387
2024-01-26;100487;5.1346116
2024-01-26;100516;20.199318
2024-01-26;100517;1.996353
2024-01-26;100523;10.562105
2024-01-26;100524;8.09459
2024-01-26;100525;6.425078
2024-01-26;100526;6.9102345
2024-01-26;100528;8.43121
2024-01-26;100530;1.7830552
2024-01-26;100544;3.2111216
2024-01-26;100545;3.494893
2024-01-26;100547;2.0993114
2024-01-26;100551;3.2842023
2024-01-26;100553;3.6209624
2024-01-26;100554;1.6328806
2024-01-26;100556;1.9658424
2024-01-26;100558;2.52624
2024-01-26;100596;3.190482
2024-01-26;100601;7.282539
2024-01-26;100602;7.786623
2024-01-26;100604;8.339899
2024-01-26;100607;6.341552
2024-01-26;100611;12.850769
2024-01-26;100612;5.9327054
2024-01-26;100613;3.2439985
2024-01-26;100614;4.9529624
2024-01-26;100621;3.2087152
2024-01-26;100638;1.8288198
2024-01-26;100639;4.6210046
2024-01-26;100644;6.8533025
2024-01-26;100645;2.6065207
2024-01-26;100646;3.2385924
2024-01-26;100648;4.449213
2024-01-26;100650;3.2188182
2024-01-26;100651;2.7419324
2024-01-26;100656;1.5504156
2024-01-26;100657;1.4211043
2024-01-26;100662;1.4481456
2024-01-26;100663;1.5907909
2024-01-26;100664;1.956343
2024-01-26;100665;2.1752853
2024-01-26;100668;1.3373094
2024-01-26;100683;1.3891871
2024-01-26;100686;1.7170709
2024-01-26;100691;2.9407394
2024-01-27;100045;1.4902724
2024-01-27;100046;1.5930644
2024-01-27;100050;1.8532046
2024-01-27;100126;1.5971148
2024-01-27;100139;1.2547227
2024-01-27;100140;1.625779
2024-01-27;100165;18.47245
2024-01-27;100184;4.6310177
2024-01-27;100192;1.9310361
2024-01-27;100193;2.0474777
2024-01-27;100225;1.236643
2024-01-27;100227;1.3122803
2024-01-27;100228;1.5086904
2024-01-27;100245;10.462534
2024-01-27;100257;3.3001037
2024-01-27;100259;3.1086993
2024-01-27;100348;0.9618995
2024-01-27;100354;2.9231136
2024-01-27;100370;1.7790487
2024-01-27;100375;-0.15716322
2024-01-27;100386;2.3482502
2024-01-27;100390;0.7295738
2024-01-27;100394;0.6995327
2024-01-27;100399;0.67814
2024-01-27;100417;1.478764
2024-01-27;100448;2.920023
2024-01-27;100450;1.8839501
2024-01-27;100453;2.026564
2024-01-27;100454;4.8153996
2024-01-27;100455;2.6639724
2024-01-27;100462;1.5258267
2024-01-27;100469;22.627588
2024-01-27;100470;7.77513
2024-01-27;100471;8.159042
2024-01-27;100473;3.104053
2024-01-27;100474;3.2866464
2024-01-27;100486;5.6788893
2024-01-27;100487;5.302683
2024-01-27;100516;20.51163
2024-01-27;100517;1.752695
2024-01-27;100523;10.712934
2024-01-27;100524;8.245417
2024-01-27;100525;6.591235
2024-01-27;100526;7.260108
2024-01-27;100528;8.691642
2024-01-27;100530;1.7698846
2024-01-27;100544;3.320088
2024-01-27;100545;3.60386
2024-01-27;100547;2.2189212
2024-01-27;100551;3.3283157
2024-01-27;100553;3.6440794
2024-01-27;100554;1.7524908
2024-01-27;100556;2.0099554
2024-01-27;100558;2.479281
2024-01-27;100596;3.2299926
2024-01-27;100601;7.637706
2024-01-27;100602;8.225897
2024-01-27;100604;8.766183
2024-01-27;100607;6.618578
2024-01-27;100611;13.046792
2024-01-27;100612;5.4581194
2024-01-27;100613;2.8738642
2024-01-27;100614;4.259544
2024-01-27;100621;3.2818007
2024-01-27;100638;2.1159308
2024-01-27;100639;4.4172525
2024-01-27;100644;6.0102935
2024-01-27;100645;2.4216142
2024-01-27;100646;3.2515538
2024-01-27;100648;3.6834588
2024-01-27;100650;2.6749027
2024-01-27;100651;2.6516178
2024-01-27;100656;1.9702684
2024-01-27;100657;1.8794379
2024-01-27;100662;1.4523473
2024-01-27;100663;1.6425829
2024-01-27;100664;1.9388331
2024-01-27;100665;2.2804894
2024-01-27;100668;1.3223783
2024-01-27;100683;1.446369
2024-01-27;100686;1.5519103
2024-01-27;100691;3.0289297
2024-01-28;100045;1.3573195
2024-01-28;100046;1.3623167
2024-01-28;100050;1.5175614
2024-01-28;100126;1.4556568
2024-01-28;100139;1.0115107
2024-01-28;100140;1.259116
2024-01-28;100165;16.20758
2024-01-28;100184;3.9395914
2024-01-28;100192;1.824246
2024-01-28;100193;1.8768128
2024-01-28;100225;1.3552732
2024-01-28;100227;1.450735
2024-01-28;100228;1.9327774
2024-01-28;100245;10.876189
2024-01-28;100257;3.0944588
2024-01-28;100259;3.1766179
2024-01-28;100348;1.3249676
2024-01-28;100354;1.8359153
2024-01-28;100370;0.81861854
2024-01-28;100375;-0.55890405
2024-01-28;100386;1.8461304
2024-01-28;100390;0.79223233
2024-01-28;100394;0.7621913
2024-01-28;100399;0.7908693
2024-01-28;100417;2.0776172
2024-01-28;100448;2.3207948
2024-01-28;100450;1.6386628
2024-01-28;100453;1.8721504
2024-01-28;100454;3.8842032
2024-01-28;100455;2.5775237
2024-01-28;100462;1.1623443
2024-01-28;100469;22.475914
2024-01-28;100470;7.124208
2024-01-28;100471;6.4401045
2024-01-28;100473;2.3250277
2024-01-28;100474;2.7220678
2024-01-28;100486;5.6025953
2024-01-28;100487;4.9583087
2024-01-28;100516;16.716751
2024-01-28;100517;0.88586736
2024-01-28;100523;7.883904
2024-01-28;100524;6.145092
2024-01-28;100525;4.7816715
2024-01-28;100526;5.4505444
2024-01-28;100528;6.488818
2024-01-28;100530;1.7671161
2024-01-28;100544;1.8013983
2024-01-28;100545;1.6693504
2024-01-28;100547;1.4449962
2024-01-28;100551;2.2826128
2024-01-28;100553;2.5250275
2024-01-28;100554;1.5530701
2024-01-28;100556;1.6433754
2024-01-28;100558;1.8178357
2024-01-28;100596;2.6476662
2024-01-28;100601;6.2339787
2024-01-28;100602;6.783617
2024-01-28;100604;7.07662
2024-01-28;100607;4.412166
2024-01-28;100611;11.000913
2024-01-28;100612;3.3442097
2024-01-28;100613;2.2425668
2024-01-28;100614;3.630193
2024-01-28;100621;3.039999
2024-01-28;100638;1.4033593
2024-01-28;100639;3.3915105
2024-01-28;100644;5.679257
2024-01-28;100645;2.165667
2024-01-28;100646;2.2007945
2024-01-28;100648;2.9264045
2024-01-28;100650;1.8398855
2024-01-28;100651;1.4287764
2024-01-28;100656;1.211135
2024-01-28;100657;1.2835282
2024-01-28;100662;1.2988106
2024-01-28;100663;1.4437529
2024-01-28;100664;1.3760356
2024-01-28;100665;2.0088449
2024-01-28;100668;1.100492
2024-01-28;100683;1.3284942
2024-01-28;100686;1.3238106
2024-01-28;100691;2.9015281
2024-01-29;100045;1.5089426
2024-01-29;100046;1.7228488
2024-01-29;100050;1.5366874
2024-01-29;100126;1.3836879
2024-01-29;100139;1.0441087
2024-01-29;100140;1.1338273
2024-01-29;100165;16.853697
2024-01-29;100184;2.7165582
2024-01-29;100192;1.7514266
2024-01-29;100193;1.7157663
2024-01-29;100225;1.6557018
2024-01-29;100227;1.6483229
2024-01-29;100228;1.6333848
2024-01-29;100245;8.039851
2024-01-29;100257;2.8937151
2024-01-29;100259;3.1305482
2024-01-29;100348;1.8474693
2024-01-29;100354;1.3972341
2024-01-29;100370;0.4331492
2024-01-29;100375;-0.499884
2024-01-29;100386;2.050502
2024-01-29;100390;2.014438
2024-01-29;100394;2.014438
2024-01-29;100399;1.6746091
2024-01-29;100417;0.94115365
2024-01-29;100448;1.924163
2024-01-29;100450;1.2448982
2024-01-29;100453;1.9684849
2024-01-29;100454;3.760267
2024-01-29;100455;3.2115712
2024-01-29;100462;1.078931
2024-01-29;100469;18.782644
2024-01-29;100470;5.7353277
2024-01-29;100471;7.040245
2024-01-29;100473;1.6261365
2024-01-29;100474;1.8515671
2024-01-29;100486;4.2790313
2024-01-29;100487;4.8086057
2024-01-29;100516;15.343192
2024-01-29;100517;0.79886997
2024-01-29;100523;6.7876983
2024-01-29;100524;5.55403
2024-01-29;100525;4.2915483
2024-01-29;100526;4.560092
2024-01-29;100528;5.19298
2024-01-29;100530;0.65116066
2024-01-29;100544;1.5575876
2024-01-29;100545;0.6950728
2024-01-29;100547;1.3088883
2024-01-29;100551;2.2957432
2024-01-29;100553;2.1534297
2024-01-29;100554;1.5714095
2024-01-29;100556;1.7953725
2024-01-29;100558;1.4588724
2024-01-29;100596;2.1683087
2024-01-29;100601;5.4414663
2024-01-29;100602;5.598256
2024-01-29;100604;5.629202
2024-01-29;100607;4.324933
2024-01-29;100611;10.930561
2024-01-29;100612;5.766801
2024-01-29;100613;3.3153627
2024-01-29;100614;4.9677157
2024-01-29;100621;3.3466325
2024-01-29;100638;1.9734186
2024-01-29;100639;3.5015984
2024-01-29;100644;6.621832
2024-01-29;100645;2.3586051
2024-01-29;100646;2.3377602
2024-01-29;100648;4.053926
2024-01-29;100650;1.1892012
2024-01-29;100651;1.5261039
2024-01-29;100656;0.97140855
2024-01-29;100657;0.9023844
2024-01-29;100662;1.2883797
2024-01-29;100663;1.3586596
2024-01-29;100664;1.393708
2024-01-29;100665;1.8956057
2024-01-29;100668;1.4961213
2024-01-29;100683;1.3668361
2024-01-29;100686;1.7320412
2024-01-29;100691;2.7262015
2024-01-30;100045;1.3243136
2024-01-30;100046;1.7051445
2024-01-30;100050;1.8985069
2024-01-30;100126;1.7930697
2024-01-30;100139;1.112621
2024-01-30;100140;1.1811509
2024-01-30;100165;14.217834
2024-01-30;100184;6.723562
2024-01-30;100192;1.8476979
2024-01-30;100193;1.772523
2024-01-30;100225;1.6435225
2024-01-30;100227;1.6361439
2024-01-30;100228;1.480555
2024-01-30;100245;7.812393
2024-01-30;100257;3.0322363
2024-01-30;100259;3.2257679
2024-01-30;100348;1.9185822
2024-01-30;100354;1.444168
2024-01-30;100370;0.5128358
2024-01-30;100375;-0.4434279
2024-01-30;100386;2.10185
2024-01-30;100390;2.0517974
2024-01-30;100394;2.0517974
2024-01-30;100399;1.7366676
2024-01-30;100417;1.4031627
2024-01-30;100448;2.8609283
2024-01-30;100450;1.3256687
2024-01-30;100453;2.724957
2024-01-30;100454;3.8954859
2024-01-30;100455;2.748203
2024-01-30;100462;1.0875132
2024-01-30;100469;19.061148
2024-01-30;100470;8.837377
2024-01-30;100471;13.357323
2024-01-30;100473;11.046946
2024-01-30;100474;12.347118
2024-01-30;100486;4.500355
2024-01-30;100487;4.743803
2024-01-30;100516;16.103346
2024-01-30;100517;1.6861587
2024-01-30;100523;6.767851
2024-01-30;100524;5.4802594
2024-01-30;100525;4.190554
2024-01-30;100526;4.4643984
2024-01-30;100528;5.141091
2024-01-30;100530;1.4971658
2024-01-30;100544;1.6666863
2024-01-30;100545;0.8332371
2024-01-30;100547;1.4011167
2024-01-30;100551;2.5223022
2024-01-30;100553;2.2909887
2024-01-30;100554;1.3792281
2024-01-30;100556;1.8468114
2024-01-30;100558;1.5104852
2024-01-30;100596;2.1679065
2024-01-30;100601;5.323482
2024-01-30;100602;5.5091133
2024-01-30;100604;5.5866413
2024-01-30;100607;4.3511605
2024-01-30;100611;8.899722
2024-01-30;100612;4.431379
2024-01-30;100613;3.2205
2024-01-30;100614;3.6933892
2024-01-30;100621;2.7541583
2024-01-30;100638;2.623972
2024-01-30;100639;3.636582
2024-01-30;100644;5.1345267
2024-01-30;100645;2.4196799
2024-01-30;100646;2.589054
2024-01-30;100648;4.1982746
2024-01-30;100650;4.702137
2024-01-30;100651;1.4469454
2024-01-30;100656;0.51349485
2024-01-30;100657;0.4388327
2024-01-30;100662;3.0233414
2024-01-30;100663;1.4159528
2024-01-30;100664;1.3560889
2024-01-30;100665;1.7028539
2024-01-30;100668;1.6100198
2024-01-30;100683;1.5623875
2024-01-30;100686;2.061324
2024-01-30;100691;3.1828668
2024-01-31;100045;1.3387709
2024-01-31;100046;1.5870166
2024-01-31;100050;1.7760874
2024-01-31;100126;1.378839
2024-01-31;100139;1.1070971
2024-01-31;100140;1.1830288
2024-01-31;100165;14.969385
2024-01-31;100184;6.7261906
2024-01-31;100192;1.7481232
2024-01-31;100193;1.6961768
2024-01-31;100225;1.5371994
2024-01-31;100227;1.5298206
2024-01-31;100228;1.501645
2024-01-31;100245;8.011662
2024-01-31;100257;3.0723536
2024-01-31;100259;3.2998462
2024-01-31;100348;1.7467971
2024-01-31;100354;1.7585181
2024-01-31;100370;0.34001803
2024-01-31;100375;-0.06458777
2024-01-31;100386;2.0816529
2024-01-31;100390;1.8477272
2024-01-31;100394;1.8477272
2024-01-31;100399;1.5922699
2024-01-31;100417;1.5327959
2024-01-31;100448;2.860062
2024-01-31;100450;1.5915477
2024-01-31;100453;2.8882487
2024-01-31;100454;3.9063735
2024-01-31;100455;2.5821657
2024-01-31;100462;1.1234139
2024-01-31;100469;18.287897
2024-01-31;100470;9.036961
2024-01-31;100471;13.884258
2024-01-31;100473;11.277851
2024-01-31;100474;12.578025
2024-01-31;100486;4.816111
2024-01-31;100487;4.452741
2024-01-31;100516;15.93487
2024-01-31;100517;1.8343184
2024-01-31;100523;6.960748
2024-01-31;100524;5.6731567
2024-01-31;100525;4.285462
2024-01-31;100526;4.6572957
2024-01-31;100528;5.3635135
2024-01-31;100530;1.3001207
2024-01-31;100544;1.4590802
2024-01-31;100545;1.293503
2024-01-31;100547;1.2822709
2024-01-31;100551;2.3720818
2024-01-31;100553;2.1125638
2024-01-31;100554;1.2815185
2024-01-31;100556;1.7072985
2024-01-31;100558;1.3836603
2024-01-31;100596;2.1222138
2024-01-31;100601;5.3163986
2024-01-31;100602;5.50203
2024-01-31;100604;5.579558
2024-01-31;100607;4.305632
2024-01-31;100611;8.8661175
2024-01-31;100612;4.4506955
2024-01-31;100613;3.0038872
2024-01-31;100614;3.8609128
2024-01-31;100621;2.7221556
2024-01-31;100638;2.5180244
2024-01-31;100639;3.602956
2024-01-31;100644;5.3107305
2024-01-31;100645;2.5696197
2024-01-31;100646;2.8634121
2024-01-31;100648;5.6859055
2024-01-31;100650;6.997553
2024-01-31;100651;1.686771
2024-01-31;100656;1.3357338
2024-01-31;100657;1.229132
2024-01-31;100662;2.9640355
2024-01-31;100663;1.47481
2024-01-31;100664;1.6039938
2024-01-31;100665;1.5061401
2024-01-31;100668;1.3475511
2024-01-31;100683;1.3779811
2024-01-31;100686;2.1022215
2024-01-31;100691;2.6374443
